Keyword,Seller Name,Product Link,Image URL,Price,Page
clocky,"Alarm Clock on Wheels | Extra Loud for Heavy Sleeper (Adult or Kid Bed-Room Robot Clockie) Funny, Rolling, Run-Away, Moving, Jumping",https://www.amazon.ca/Sleeper-Bed-Room-Clockie-Rolling-Run-Away/dp/B0CCL38BXK/ref=sr_1_6?dib=eyJ2IjoiMSJ9.H06R3tx-13TVIg4rWcLKjnDdz4QaJlhNda2mkpRsEIQqwSOV2R2TKjRakSwW4-DCy06oawjZJ6eMNre2bmUYFUw7MnOc4gwrUnCMR7_y4azvGTl7yGNY9upuuSzF7xdnOplutu-ReIXpyGIie2KG7TdFEOJ01l3i9VHt0jpOwdnDSC1qxZSMaW4oPIkbRM1v2AK52l6CMVQKsOR0Kuhlf74dPCX7xaFjD_d7cJGsAm8B6j1hx9dWOKa2wyJhCRiFqi_doJktd_JqteneEI_OOanbfZ1h1fwomvNkJpzeujc.S4enQXvU8REjQeBR7pZnEesAyDsd7GgTX1RIrYqye40&dib_tag=se&keywords=clocky&qid=1727197147&sr=8-6,https://m.media-amazon.com/images/I/51QlKiGQUFL._AC_UL320_.jpg,23.90,1
clocky,"Flying Alarm Clock, Moving Alarm Clock, Novelty Digital LED Alarm Clock Gadget,Electronic Clock Multipurpose Run Away Flying Alarm Clock for Bedroom Office Home School",https://www.amazon.ca/Novelty-Digital-Electronic-Multipurpose-Bedroom/dp/B0CWRXD481/ref=sr_1_10?dib=eyJ2IjoiMSJ9.H06R3tx-13TVIg4rWcLKjnDdz4QaJlhNda2mkpRsEIQqwSOV2R2TKjRakSwW4-DCy06oawjZJ6eMNre2bmUYFUw7MnOc4gwrUnCMR7_y4azvGTl7yGNY9upuuSzF7xdnOplutu-ReIXpyGIie2KG7TdFEOJ01l3i9VHt0jpOwdnDSC1qxZSMaW4oPIkbRM1v2AK52l6CMVQKsOR0Kuhlf74dPCX7xaFjD_d7cJGsAm8B6j1hx9dWOKa2wyJhCRiFqi_doJktd_JqteneEI_OOanbfZ1h1fwomvNkJpzeujc.S4enQXvU8REjQeBR7pZnEesAyDsd7GgTX1RIrYqye40&dib_tag=se&keywords=clocky&qid=1727197147&sr=8-10,https://m.media-amazon.com/images/I/6143Q9sJ-oL._AC_UL320_.jpg,34.91,1
clocky,"Alarm Clock for Heavy Sleepers Adults, Alarm Clock on Wheels, Alarm Clock for Heavy Sleepers, Flying Clock, Run Away, Moving",https://www.amazon.ca/PUSOKEI-Sleepers-Wheels-Flying-Rugitive/dp/B0B2FB4PKH/ref=sr_1_31?dib=eyJ2IjoiMSJ9.H06R3tx-13TVIg4rWcLKjnDdz4QaJlhNda2mkpRsEIQqwSOV2R2TKjRakSwW4-DCy06oawjZJ6eMNre2bmUYFUw7MnOc4gwrUnCMR7_y4azvGTl7yGNY9upuuSzF7xdnOplutu-ReIXpyGIie2KG7TdFEOJ01l3i9VHt0jpOwdnDSC1qxZSMaW4oPIkbRM1v2AK52l6CMVQKsOR0Kuhlf74dPCX7xaFjD_d7cJGsAm8B6j1hx9dWOKa2wyJhCRiFqi_doJktd_JqteneEI_OOanbfZ1h1fwomvNkJpzeujc.S4enQXvU8REjQeBR7pZnEesAyDsd7GgTX1RIrYqye40&dib_tag=se&keywords=clocky&qid=1727197147&sr=8-31,https://m.media-amazon.com/images/I/6143Q9sJ-oL._AC_UL320_.jpg,25.52,1
clocky,Flying Alarm Clock Alarm Clock Abs Alarm Clock On Wheels Electronic Clock Multipurpose Run Away Flying Alarm Clock for Bedroom School,https://www.amazon.ca/Flying-Wheels-Electronic-Multipurpose-Bedroom/dp/B0D3X16K4L/ref=sr_1_101?dib=eyJ2IjoiMSJ9.gtc-EQjvnGdlHCWBKNS5qFqLce1fsS-MvcShZHZ17hYgapWdUjUPRq6AuYAoYn9dInR9sdlCRgMXnzoVwumEc6uF3FlIZQ5DOTeF6aEsrpZlkeEr8F52DT5vlYr7wXRFqH1ShB1UP46VrvODvfVh5jBauo13eX3ICJqINdZxU3Twu2bcSlq0fAqICl9vskBNJ83jIhSLfcZg6-I9RTt9bFcSP85WBXoUpOWNHYGwzkWnL3buQ9v7w3wB1xGT3-D0hD367l1LgQRAf8yXWVonshaczOKnEmwfXlL4y2xwzjg.IABIzYPDx3dI_lrEFDxHzotaOGvGmbOLEQ25BK-MJDs&dib_tag=se&keywords=clocky&qid=1727197152&sr=8-101,https://m.media-amazon.com/images/I/61RTcaRk25L._AC_UL320_.jpg,23.01,2
Alarm clock on wheels,Flying Alarm Clock Alarm Clock Abs Alarm Clock On Wheels Electronic Clock Multipurpose Run Away Flying Alarm Clock for Bedroom School,https://www.amazon.ca/sspa/click?ie=UTF8&spc=MTo2MjY2ODQwMjA1ODg4MDMzOjE3MjcxOTcxOTU6c3BfYXRmOjMwMDIxMzg3MjI3MDYwMjo6MDo6&url=%2FFlying-Wheels-Electronic-Multipurpose-Bedroom%2Fdp%2FB0D3X16K4L%2Fref%3Dsr_1_2_sspa%3Fdib%3DeyJ2IjoiMSJ9.H06R3tx-13TVIg4rWcLKjk6abJ8Rufaen-tsW-xfyeljA_MR6oh8RfjiehmKzoJtxjWKw2T9qhPTwW6U6Xe_yK1nKcoyTjWn9L_Q2JVs9HxjVt2b8MWizg00KmcLRwbVl9FlxWzSVZg177al8X_ng2J2p03akS-O86utk3cOZL-YIl0he57f83ghvG4DBkS1zrRqh6G_W0_wgNTogOZcqsaKNja2hj0Oue9P03BgUgvTjWEkar_BSlp_X12iY_eZK3_bMoOAoXWRA1JBDYe9ISGOdO-E-0DTph4wbKGtNTs.ccihytZc7upjB8D4w2sK4tFEHf3u-fwwBYKAdH_5dhQ%26dib_tag%3Dse%26keywords%3DAlarm%2Bclock%2Bon%2Bwheels%26qid%3D1727197195%26sr%3D8-2-spons%26sp_csd%3Dd2lkZ2V0TmFtZT1zcF9hdGY%26psc%3D1,https://m.media-amazon.com/images/I/61RTcaRk25L._AC_UL320_.jpg,23.01,1
Alarm clock on wheels,"Alarm Clock for Heavy Sleepers Adults, Alarm Clock on Wheels, Alarm Clock for Heavy Sleepers, Flying Clock, Run Away, Moving",https://www.amazon.ca/sspa/click?ie=UTF8&spc=MTo2MjY2ODQwMjA1ODg4MDMzOjE3MjcxOTcxOTU6c3BfYXRmOjMwMDE5Mzk0NDY1NDAwMjo6MDo6&url=%2FPUSOKEI-Sleepers-Wheels-Flying-Rugitive%2Fdp%2FB0B2FB4PKH%2Fref%3Dsr_1_4_sspa%3Fdib%3DeyJ2IjoiMSJ9.H06R3tx-13TVIg4rWcLKjk6abJ8Rufaen-tsW-xfyeljA_MR6oh8RfjiehmKzoJtxjWKw2T9qhPTwW6U6Xe_yK1nKcoyTjWn9L_Q2JVs9HxjVt2b8MWizg00KmcLRwbVl9FlxWzSVZg177al8X_ng2J2p03akS-O86utk3cOZL-YIl0he57f83ghvG4DBkS1zrRqh6G_W0_wgNTogOZcqsaKNja2hj0Oue9P03BgUgvTjWEkar_BSlp_X12iY_eZK3_bMoOAoXWRA1JBDYe9ISGOdO-E-0DTph4wbKGtNTs.ccihytZc7upjB8D4w2sK4tFEHf3u-fwwBYKAdH_5dhQ%26dib_tag%3Dse%26keywords%3DAlarm%2Bclock%2Bon%2Bwheels%26qid%3D1727197195%26sr%3D8-4-spons%26sp_csd%3Dd2lkZ2V0TmFtZT1zcF9hdGY%26psc%3D1,https://m.media-amazon.com/images/I/6143Q9sJ-oL._AC_UL320_.jpg,25.52,1
Alarm clock on wheels,"Alarm Clock on Wheels | Extra Loud for Heavy Sleeper (Adult or Kid Bed-Room Robot Clockie) Funny, Rolling, Run-Away, Moving, Jumping",https://www.amazon.ca/Sleeper-Bed-Room-Clockie-Rolling-Run-Away/dp/B0CCL38BXK/ref=sr_1_6?dib=eyJ2IjoiMSJ9.H06R3tx-13TVIg4rWcLKjk6abJ8Rufaen-tsW-xfyeljA_MR6oh8RfjiehmKzoJtxjWKw2T9qhPTwW6U6Xe_yK1nKcoyTjWn9L_Q2JVs9HxjVt2b8MWizg00KmcLRwbVl9FlxWzSVZg177al8X_ng2J2p03akS-O86utk3cOZL-YIl0he57f83ghvG4DBkS1zrRqh6G_W0_wgNTogOZcqsaKNja2hj0Oue9P03BgUgvTjWEkar_BSlp_X12iY_eZK3_bMoOAoXWRA1JBDYe9ISGOdO-E-0DTph4wbKGtNTs.ccihytZc7upjB8D4w2sK4tFEHf3u-fwwBYKAdH_5dhQ&dib_tag=se&keywords=Alarm+clock+on+wheels&qid=1727197195&sr=8-6,https://m.media-amazon.com/images/I/51QlKiGQUFL._AC_UL320_.jpg,23.90,1
Alarm clock on wheels,"Alarm Clock for Heavy Sleepers Adults, Alarm Clock on Wheels, Alarm Clock for Heavy Sleepers, Flying Clock, Run Away, Moving",https://www.amazon.ca/PUSOKEI-Sleepers-Wheels-Flying-Rugitive/dp/B0B2FB4PKH/ref=sr_1_9?dib=eyJ2IjoiMSJ9.H06R3tx-13TVIg4rWcLKjk6abJ8Rufaen-tsW-xfyeljA_MR6oh8RfjiehmKzoJtxjWKw2T9qhPTwW6U6Xe_yK1nKcoyTjWn9L_Q2JVs9HxjVt2b8MWizg00KmcLRwbVl9FlxWzSVZg177al8X_ng2J2p03akS-O86utk3cOZL-YIl0he57f83ghvG4DBkS1zrRqh6G_W0_wgNTogOZcqsaKNja2hj0Oue9P03BgUgvTjWEkar_BSlp_X12iY_eZK3_bMoOAoXWRA1JBDYe9ISGOdO-E-0DTph4wbKGtNTs.ccihytZc7upjB8D4w2sK4tFEHf3u-fwwBYKAdH_5dhQ&dib_tag=se&keywords=Alarm+clock+on+wheels&qid=1727197195&sr=8-9,https://m.media-amazon.com/images/I/6143Q9sJ-oL._AC_UL320_.jpg,25.52,1
Alarm clock on wheels,"Flying Alarm Clock, Moving Alarm Clock, Novelty Digital LED Alarm Clock Gadget,Electronic Clock Multipurpose Run Away Flying Alarm Clock for Bedroom Office Home School",https://www.amazon.ca/Novelty-Digital-Electronic-Multipurpose-Bedroom/dp/B0CWRXD481/ref=sr_1_12?dib=eyJ2IjoiMSJ9.H06R3tx-13TVIg4rWcLKjk6abJ8Rufaen-tsW-xfyeljA_MR6oh8RfjiehmKzoJtxjWKw2T9qhPTwW6U6Xe_yK1nKcoyTjWn9L_Q2JVs9HxjVt2b8MWizg00KmcLRwbVl9FlxWzSVZg177al8X_ng2J2p03akS-O86utk3cOZL-YIl0he57f83ghvG4DBkS1zrRqh6G_W0_wgNTogOZcqsaKNja2hj0Oue9P03BgUgvTjWEkar_BSlp_X12iY_eZK3_bMoOAoXWRA1JBDYe9ISGOdO-E-0DTph4wbKGtNTs.ccihytZc7upjB8D4w2sK4tFEHf3u-fwwBYKAdH_5dhQ&dib_tag=se&keywords=Alarm+clock+on+wheels&qid=1727197195&sr=8-12,https://m.media-amazon.com/images/I/6143Q9sJ-oL._AC_UL320_.jpg,34.91,1
Alarm clock on wheels,Flying Alarm Clock Alarm Clock Abs Alarm Clock On Wheels Electronic Clock Multipurpose Run Away Flying Alarm Clock for Bedroom School,https://www.amazon.ca/Flying-Wheels-Electronic-Multipurpose-Bedroom/dp/B0D3X16K4L/ref=sr_1_13?dib=eyJ2IjoiMSJ9.H06R3tx-13TVIg4rWcLKjk6abJ8Rufaen-tsW-xfyeljA_MR6oh8RfjiehmKzoJtxjWKw2T9qhPTwW6U6Xe_yK1nKcoyTjWn9L_Q2JVs9HxjVt2b8MWizg00KmcLRwbVl9FlxWzSVZg177al8X_ng2J2p03akS-O86utk3cOZL-YIl0he57f83ghvG4DBkS1zrRqh6G_W0_wgNTogOZcqsaKNja2hj0Oue9P03BgUgvTjWEkar_BSlp_X12iY_eZK3_bMoOAoXWRA1JBDYe9ISGOdO-E-0DTph4wbKGtNTs.ccihytZc7upjB8D4w2sK4tFEHf3u-fwwBYKAdH_5dhQ&dib_tag=se&keywords=Alarm+clock+on+wheels&qid=1727197195&sr=8-13,https://m.media-amazon.com/images/I/61RTcaRk25L._AC_UL320_.jpg,23.01,1
Alarm clock wheels,Flying Alarm Clock Alarm Clock Abs Alarm Clock On Wheels Electronic Clock Multipurpose Run Away Flying Alarm Clock for Bedroom School,https://www.amazon.ca/sspa/click?ie=UTF8&spc=MTozMDc1MzkyNjI1NTI3NDc3OjE3MjcxOTcyMzE6c3BfYXRmOjMwMDIxMzg3MjI3MDYwMjo6MDo6&url=%2FFlying-Wheels-Electronic-Multipurpose-Bedroom%2Fdp%2FB0D3X16K4L%2Fref%3Dsr_1_2_sspa%3Fdib%3DeyJ2IjoiMSJ9.H06R3tx-13TVIg4rWcLKjtd0mFtLs3Ywx2pIVw1bL2Qa_tcMd2qzDUnqZwlYXBSGR-_TzxHDwMcaGzTGJv0G3dYmAY-G5pUCC6FzRBnbqQpA433XkTHsUtpJ-Y1BgHdMNjP3v9WNZQZrlSZAwcUJ82qVi3edKnguIt7jNxapgaDput53hb8pvuYhquZuDf1cXYj4EuFQO39X_SqoOpZKdNBl3lNJgy5SwTibuQ_tDQAwNb3-t132rTkC4o0mK2VrarJZA-xIqjHOGmHdrL1nJYTfdz_ICiT3hvJm-1vQA84.5dWSChHi5gY1PQtSwMBdWzvCVe30IcEox0ITaKc8NUE%26dib_tag%3Dse%26keywords%3DAlarm%2Bclock%2Bwheels%26qid%3D1727197231%26sr%3D8-2-spons%26sp_csd%3Dd2lkZ2V0TmFtZT1zcF9hdGY%26psc%3D1,https://m.media-amazon.com/images/I/61RTcaRk25L._AC_UL320_.jpg,23.01,1
Alarm clock wheels,"Alarm Clock for Heavy Sleepers Adults, Alarm Clock on Wheels, Alarm Clock for Heavy Sleepers, Flying Clock, Run Away, Moving",https://www.amazon.ca/sspa/click?ie=UTF8&spc=MTozMDc1MzkyNjI1NTI3NDc3OjE3MjcxOTcyMzE6c3BfYXRmOjMwMDE5Mzk0NDY1NDAwMjo6MDo6&url=%2FPUSOKEI-Sleepers-Wheels-Flying-Rugitive%2Fdp%2FB0B2FB4PKH%2Fref%3Dsr_1_4_sspa%3Fdib%3DeyJ2IjoiMSJ9.H06R3tx-13TVIg4rWcLKjtd0mFtLs3Ywx2pIVw1bL2Qa_tcMd2qzDUnqZwlYXBSGR-_TzxHDwMcaGzTGJv0G3dYmAY-G5pUCC6FzRBnbqQpA433XkTHsUtpJ-Y1BgHdMNjP3v9WNZQZrlSZAwcUJ82qVi3edKnguIt7jNxapgaDput53hb8pvuYhquZuDf1cXYj4EuFQO39X_SqoOpZKdNBl3lNJgy5SwTibuQ_tDQAwNb3-t132rTkC4o0mK2VrarJZA-xIqjHOGmHdrL1nJYTfdz_ICiT3hvJm-1vQA84.5dWSChHi5gY1PQtSwMBdWzvCVe30IcEox0ITaKc8NUE%26dib_tag%3Dse%26keywords%3DAlarm%2Bclock%2Bwheels%26qid%3D1727197231%26sr%3D8-4-spons%26sp_csd%3Dd2lkZ2V0TmFtZT1zcF9hdGY%26psc%3D1,https://m.media-amazon.com/images/I/6143Q9sJ-oL._AC_UL320_.jpg,25.52,1
Alarm clock wheels,"Alarm Clock on Wheels | Extra Loud for Heavy Sleeper (Adult or Kid Bed-Room Robot Clockie) Funny, Rolling, Run-Away, Moving, Jumping",https://www.amazon.ca/Sleeper-Bed-Room-Clockie-Rolling-Run-Away/dp/B0CCL38BXK/ref=sr_1_6?dib=eyJ2IjoiMSJ9.H06R3tx-13TVIg4rWcLKjtd0mFtLs3Ywx2pIVw1bL2Qa_tcMd2qzDUnqZwlYXBSGR-_TzxHDwMcaGzTGJv0G3dYmAY-G5pUCC6FzRBnbqQpA433XkTHsUtpJ-Y1BgHdMNjP3v9WNZQZrlSZAwcUJ82qVi3edKnguIt7jNxapgaDput53hb8pvuYhquZuDf1cXYj4EuFQO39X_SqoOpZKdNBl3lNJgy5SwTibuQ_tDQAwNb3-t132rTkC4o0mK2VrarJZA-xIqjHOGmHdrL1nJYTfdz_ICiT3hvJm-1vQA84.5dWSChHi5gY1PQtSwMBdWzvCVe30IcEox0ITaKc8NUE&dib_tag=se&keywords=Alarm+clock+wheels&qid=1727197231&sr=8-6,https://m.media-amazon.com/images/I/51QlKiGQUFL._AC_UL320_.jpg,23.90,1
Alarm clock wheels,"Alarm Clock for Heavy Sleepers Adults, Alarm Clock on Wheels, Alarm Clock for Heavy Sleepers, Flying Clock, Run Away, Moving",https://www.amazon.ca/PUSOKEI-Sleepers-Wheels-Flying-Rugitive/dp/B0B2FB4PKH/ref=sr_1_8?dib=eyJ2IjoiMSJ9.H06R3tx-13TVIg4rWcLKjtd0mFtLs3Ywx2pIVw1bL2Qa_tcMd2qzDUnqZwlYXBSGR-_TzxHDwMcaGzTGJv0G3dYmAY-G5pUCC6FzRBnbqQpA433XkTHsUtpJ-Y1BgHdMNjP3v9WNZQZrlSZAwcUJ82qVi3edKnguIt7jNxapgaDput53hb8pvuYhquZuDf1cXYj4EuFQO39X_SqoOpZKdNBl3lNJgy5SwTibuQ_tDQAwNb3-t132rTkC4o0mK2VrarJZA-xIqjHOGmHdrL1nJYTfdz_ICiT3hvJm-1vQA84.5dWSChHi5gY1PQtSwMBdWzvCVe30IcEox0ITaKc8NUE&dib_tag=se&keywords=Alarm+clock+wheels&qid=1727197231&sr=8-8,https://m.media-amazon.com/images/I/6143Q9sJ-oL._AC_UL320_.jpg,25.52,1
Alarm clock wheels,Flying Alarm Clock Alarm Clock Abs Alarm Clock On Wheels Electronic Clock Multipurpose Run Away Flying Alarm Clock for Bedroom School,https://www.amazon.ca/Flying-Wheels-Electronic-Multipurpose-Bedroom/dp/B0D3X16K4L/ref=sr_1_11?dib=eyJ2IjoiMSJ9.H06R3tx-13TVIg4rWcLKjtd0mFtLs3Ywx2pIVw1bL2Qa_tcMd2qzDUnqZwlYXBSGR-_TzxHDwMcaGzTGJv0G3dYmAY-G5pUCC6FzRBnbqQpA433XkTHsUtpJ-Y1BgHdMNjP3v9WNZQZrlSZAwcUJ82qVi3edKnguIt7jNxapgaDput53hb8pvuYhquZuDf1cXYj4EuFQO39X_SqoOpZKdNBl3lNJgy5SwTibuQ_tDQAwNb3-t132rTkC4o0mK2VrarJZA-xIqjHOGmHdrL1nJYTfdz_ICiT3hvJm-1vQA84.5dWSChHi5gY1PQtSwMBdWzvCVe30IcEox0ITaKc8NUE&dib_tag=se&keywords=Alarm+clock+wheels&qid=1727197231&sr=8-11,https://m.media-amazon.com/images/I/61RTcaRk25L._AC_UL320_.jpg,23.01,1
Alarm clock wheels,"Flying Alarm Clock, Moving Alarm Clock, Novelty Digital LED Alarm Clock Gadget,Electronic Clock Multipurpose Run Away Flying Alarm Clock for Bedroom Office Home School",https://www.amazon.ca/Novelty-Digital-Electronic-Multipurpose-Bedroom/dp/B0CWRXD481/ref=sr_1_14?dib=eyJ2IjoiMSJ9.H06R3tx-13TVIg4rWcLKjtd0mFtLs3Ywx2pIVw1bL2Qa_tcMd2qzDUnqZwlYXBSGR-_TzxHDwMcaGzTGJv0G3dYmAY-G5pUCC6FzRBnbqQpA433XkTHsUtpJ-Y1BgHdMNjP3v9WNZQZrlSZAwcUJ82qVi3edKnguIt7jNxapgaDput53hb8pvuYhquZuDf1cXYj4EuFQO39X_SqoOpZKdNBl3lNJgy5SwTibuQ_tDQAwNb3-t132rTkC4o0mK2VrarJZA-xIqjHOGmHdrL1nJYTfdz_ICiT3hvJm-1vQA84.5dWSChHi5gY1PQtSwMBdWzvCVe30IcEox0ITaKc8NUE&dib_tag=se&keywords=Alarm+clock+wheels&qid=1727197231&sr=8-14,https://m.media-amazon.com/images/I/6143Q9sJ-oL._AC_UL320_.jpg,34.91,1
Alarm clock wheels,chiwanji Folding Bike Easy Wheel Roller 33.9mm Seat Post Mounted Folded Bike Pushing Easywheel Alarm Clock Caster Accessories - Black,https://www.amazon.ca/chiwanji-Folding-Mounted-Easywheel-Accessories/dp/B098M2F7YR/ref=sr_1_28?dib=eyJ2IjoiMSJ9.H06R3tx-13TVIg4rWcLKjtd0mFtLs3Ywx2pIVw1bL2Qa_tcMd2qzDUnqZwlYXBSGR-_TzxHDwMcaGzTGJv0G3dYmAY-G5pUCC6FzRBnbqQpA433XkTHsUtpJ-Y1BgHdMNjP3v9WNZQZrlSZAwcUJ82qVi3edKnguIt7jNxapgaDput53hb8pvuYhquZuDf1cXYj4EuFQO39X_SqoOpZKdNBl3lNJgy5SwTibuQ_tDQAwNb3-t132rTkC4o0mK2VrarJZA-xIqjHOGmHdrL1nJYTfdz_ICiT3hvJm-1vQA84.5dWSChHi5gY1PQtSwMBdWzvCVe30IcEox0ITaKc8NUE&dib_tag=se&keywords=Alarm+clock+wheels&qid=1727197231&sr=8-28,https://m.media-amazon.com/images/I/61nshwCgXKL._AC_UL320_.jpg,15.29,1
Alarm clock wheels,Cabilock Mechanical Clockwork Balance Wheel Alarm Clock Gear Replacement Gear For Clock Repair Wall Clock Motor Parts,https://www.amazon.ca/Cabilock-Mechanical-Clockwork-Balance-Replacement/dp/B0D5HM9LVN/ref=sr_1_35?dib=eyJ2IjoiMSJ9.H06R3tx-13TVIg4rWcLKjtd0mFtLs3Ywx2pIVw1bL2Qa_tcMd2qzDUnqZwlYXBSGR-_TzxHDwMcaGzTGJv0G3dYmAY-G5pUCC6FzRBnbqQpA433XkTHsUtpJ-Y1BgHdMNjP3v9WNZQZrlSZAwcUJ82qVi3edKnguIt7jNxapgaDput53hb8pvuYhquZuDf1cXYj4EuFQO39X_SqoOpZKdNBl3lNJgy5SwTibuQ_tDQAwNb3-t132rTkC4o0mK2VrarJZA-xIqjHOGmHdrL1nJYTfdz_ICiT3hvJm-1vQA84.5dWSChHi5gY1PQtSwMBdWzvCVe30IcEox0ITaKc8NUE&dib_tag=se&keywords=Alarm+clock+wheels&qid=1727197231&sr=8-35,https://m.media-amazon.com/images/I/61K4nOnbw4L._AC_UL320_.jpg,10.69,1
Alarm wheels,Flying Alarm Clock Alarm Clock Abs Alarm Clock On Wheels Electronic Clock Multipurpose Run Away Flying Alarm Clock for Bedroom School,https://www.amazon.ca/sspa/click?ie=UTF8&spc=MTo3OTA2NjI1MzYzMzU0MjUwOjE3MjcxOTcyNjg6c3BfYXRmOjMwMDIxMzg3MjI3MDYwMjo6MDo6&url=%2FFlying-Wheels-Electronic-Multipurpose-Bedroom%2Fdp%2FB0D3X16K4L%2Fref%3Dsr_1_1_sspa%3Fdib%3DeyJ2IjoiMSJ9.H06R3tx-13TVIg4rWcLKjtd0mFtLs3Ywx2pIVw1bL2SiZEWdcbUssRHOoxuetw5Ko_5JnZc53m0n-NUac8iB9Oas68ER0eJCVaKiDI9tuLQsZpyOxJcB8U1c3df5UvBQje49CgrcnczVMuDjvVnQn52GljbY8aTydyBvO6C40LV2hbixPOPNQuMVIy1iwIDU7eqIIDOekBdVjESBzVbonxqXFk2HhOFRwmkNQn7x6dYuBcF2cfHaht7LwBUAecHptNf61Ta8awqSPl8Y6s0dYlw1qEL7lvJnJwYbBr0Ujw8.tzpsWkio-qJXFEqYDszC1_tbhFdQU8riNggirxhOp4M%26dib_tag%3Dse%26keywords%3DAlarm%2Bwheels%26qid%3D1727197268%26sr%3D8-1-spons%26sp_csd%3Dd2lkZ2V0TmFtZT1zcF9hdGY%26psc%3D1,https://m.media-amazon.com/images/I/61RTcaRk25L._AC_UL320_.jpg,23.01,1
Alarm wheels,"Alarm Clock for Heavy Sleepers Adults, Alarm Clock on Wheels, Alarm Clock for Heavy Sleepers, Flying Clock, Run Away, Moving",https://www.amazon.ca/sspa/click?ie=UTF8&spc=MTo3OTA2NjI1MzYzMzU0MjUwOjE3MjcxOTcyNjg6c3BfYXRmOjMwMDE5Mzk0NDY1NDAwMjo6MDo6&url=%2FPUSOKEI-Sleepers-Wheels-Flying-Rugitive%2Fdp%2FB0B2FB4PKH%2Fref%3Dsr_1_2_sspa%3Fdib%3DeyJ2IjoiMSJ9.H06R3tx-13TVIg4rWcLKjtd0mFtLs3Ywx2pIVw1bL2SiZEWdcbUssRHOoxuetw5Ko_5JnZc53m0n-NUac8iB9Oas68ER0eJCVaKiDI9tuLQsZpyOxJcB8U1c3df5UvBQje49CgrcnczVMuDjvVnQn52GljbY8aTydyBvO6C40LV2hbixPOPNQuMVIy1iwIDU7eqIIDOekBdVjESBzVbonxqXFk2HhOFRwmkNQn7x6dYuBcF2cfHaht7LwBUAecHptNf61Ta8awqSPl8Y6s0dYlw1qEL7lvJnJwYbBr0Ujw8.tzpsWkio-qJXFEqYDszC1_tbhFdQU8riNggirxhOp4M%26dib_tag%3Dse%26keywords%3DAlarm%2Bwheels%26qid%3D1727197268%26sr%3D8-2-spons%26sp_csd%3Dd2lkZ2V0TmFtZT1zcF9hdGY%26psc%3D1,https://m.media-amazon.com/images/I/6143Q9sJ-oL._AC_UL320_.jpg,25.52,1
Alarm wheels,"Alarm Clock on Wheels | Extra Loud for Heavy Sleeper (Adult or Kid Bed-Room Robot Clockie) Funny, Rolling, Run-Away, Moving, Jumping",https://www.amazon.ca/Sleeper-Bed-Room-Clockie-Rolling-Run-Away/dp/B0CCL38BXK/ref=sr_1_6?dib=eyJ2IjoiMSJ9.H06R3tx-13TVIg4rWcLKjtd0mFtLs3Ywx2pIVw1bL2SiZEWdcbUssRHOoxuetw5Ko_5JnZc53m0n-NUac8iB9Oas68ER0eJCVaKiDI9tuLQsZpyOxJcB8U1c3df5UvBQje49CgrcnczVMuDjvVnQn52GljbY8aTydyBvO6C40LV2hbixPOPNQuMVIy1iwIDU7eqIIDOekBdVjESBzVbonxqXFk2HhOFRwmkNQn7x6dYuBcF2cfHaht7LwBUAecHptNf61Ta8awqSPl8Y6s0dYlw1qEL7lvJnJwYbBr0Ujw8.tzpsWkio-qJXFEqYDszC1_tbhFdQU8riNggirxhOp4M&dib_tag=se&keywords=Alarm+wheels&qid=1727197268&sr=8-6,https://m.media-amazon.com/images/I/51QlKiGQUFL._AC_UL320_.jpg,23.90,1
Alarm wheels,"Alarm Clock for Heavy Sleepers Adults, Alarm Clock on Wheels, Alarm Clock for Heavy Sleepers, Flying Clock, Run Away, Moving",https://www.amazon.ca/PUSOKEI-Sleepers-Wheels-Flying-Rugitive/dp/B0B2FB4PKH/ref=sr_1_14?dib=eyJ2IjoiMSJ9.H06R3tx-13TVIg4rWcLKjtd0mFtLs3Ywx2pIVw1bL2SiZEWdcbUssRHOoxuetw5Ko_5JnZc53m0n-NUac8iB9Oas68ER0eJCVaKiDI9tuLQsZpyOxJcB8U1c3df5UvBQje49CgrcnczVMuDjvVnQn52GljbY8aTydyBvO6C40LV2hbixPOPNQuMVIy1iwIDU7eqIIDOekBdVjESBzVbonxqXFk2HhOFRwmkNQn7x6dYuBcF2cfHaht7LwBUAecHptNf61Ta8awqSPl8Y6s0dYlw1qEL7lvJnJwYbBr0Ujw8.tzpsWkio-qJXFEqYDszC1_tbhFdQU8riNggirxhOp4M&dib_tag=se&keywords=Alarm+wheels&qid=1727197268&sr=8-14,https://m.media-amazon.com/images/I/6143Q9sJ-oL._AC_UL320_.jpg,25.52,1
Alarm wheels,chiwanji Folding Bike Easy Wheel Roller 33.9mm Seat Post Mounted Folded Bike Pushing Easywheel Alarm Clock Caster Accessories - Black,https://www.amazon.ca/chiwanji-Folding-Mounted-Easywheel-Accessories/dp/B098M2F7YR/ref=sr_1_33?dib=eyJ2IjoiMSJ9.H06R3tx-13TVIg4rWcLKjtd0mFtLs3Ywx2pIVw1bL2SiZEWdcbUssRHOoxuetw5Ko_5JnZc53m0n-NUac8iB9Oas68ER0eJCVaKiDI9tuLQsZpyOxJcB8U1c3df5UvBQje49CgrcnczVMuDjvVnQn52GljbY8aTydyBvO6C40LV2hbixPOPNQuMVIy1iwIDU7eqIIDOekBdVjESBzVbonxqXFk2HhOFRwmkNQn7x6dYuBcF2cfHaht7LwBUAecHptNf61Ta8awqSPl8Y6s0dYlw1qEL7lvJnJwYbBr0Ujw8.tzpsWkio-qJXFEqYDszC1_tbhFdQU8riNggirxhOp4M&dib_tag=se&keywords=Alarm+wheels&qid=1727197268&sr=8-33,https://m.media-amazon.com/images/I/61nshwCgXKL._AC_UL320_.jpg,15.29,1
Alarm wheels,Flying Alarm Clock Alarm Clock Abs Alarm Clock On Wheels Electronic Clock Multipurpose Run Away Flying Alarm Clock for Bedroom School,https://www.amazon.ca/Flying-Wheels-Electronic-Multipurpose-Bedroom/dp/B0D3X16K4L/ref=sr_1_40?dib=eyJ2IjoiMSJ9.H06R3tx-13TVIg4rWcLKjtd0mFtLs3Ywx2pIVw1bL2SiZEWdcbUssRHOoxuetw5Ko_5JnZc53m0n-NUac8iB9Oas68ER0eJCVaKiDI9tuLQsZpyOxJcB8U1c3df5UvBQje49CgrcnczVMuDjvVnQn52GljbY8aTydyBvO6C40LV2hbixPOPNQuMVIy1iwIDU7eqIIDOekBdVjESBzVbonxqXFk2HhOFRwmkNQn7x6dYuBcF2cfHaht7LwBUAecHptNf61Ta8awqSPl8Y6s0dYlw1qEL7lvJnJwYbBr0Ujw8.tzpsWkio-qJXFEqYDszC1_tbhFdQU8riNggirxhOp4M&dib_tag=se&keywords=Alarm+wheels&qid=1727197268&sr=8-40,https://m.media-amazon.com/images/I/61RTcaRk25L._AC_UL320_.jpg,23.01,1
Alarm wheels,Cabilock Mechanical Clockwork Balance Wheel Alarm Clock Gear Replacement Gear For Clock Repair Wall Clock Motor Parts,https://www.amazon.ca/Cabilock-Mechanical-Clockwork-Balance-Replacement/dp/B0D5HM9LVN/ref=sr_1_81?dib=eyJ2IjoiMSJ9.xRJOeKXg_bQ0bZp849hKwCryDGQaLGqHC8RMBlYHozWjh0FeBIBcIgJhSaissb8690XtglolgeRN9SbBB1nQX8Tag4sxiEF3ZPMfvUxZu_fJ6zTCEUSNKSrp8SAkW5oEYF_FYSbL03_23vhx-9ahCvlQ0TO58a0n47K_pDSNaWzmSiZzjyQZD5HDb6pOhHYcqqT8WAY6yrt9vep_EN7GX2rcdvpFs4Kp0clGK9txE_Zl_ujSh13gZZIodaAfzUwoIJs1mdagMWj_IN_NmtMMGu5CGzsj_wp3-cAuP9RZ7mQ.2LFtuLUVnysp8vLORN6x1IyG6XZoU_pV99pNc3inB54&dib_tag=se&keywords=Alarm+wheels&qid=1727197275&sr=8-81,https://m.media-amazon.com/images/I/61K4nOnbw4L._AC_UL320_.jpg,10.69,2
Wheel alarm clock,Flying Alarm Clock Alarm Clock Abs Alarm Clock On Wheels Electronic Clock Multipurpose Run Away Flying Alarm Clock for Bedroom School,https://www.amazon.ca/sspa/click?ie=UTF8&spc=MTo2NDc2MTkyNTcyMjk5NjE5OjE3MjcxOTczNDg6c3BfYXRmOjMwMDIxMzg3MjI3MDYwMjo6MDo6&url=%2FFlying-Wheels-Electronic-Multipurpose-Bedroom%2Fdp%2FB0D3X16K4L%2Fref%3Dsr_1_3_sspa%3Fdib%3DeyJ2IjoiMSJ9.H06R3tx-13TVIg4rWcLKjk6abJ8Rufaen-tsW-xfyenNGt7ysqVs-iekVEnVrgPp4_x98eMfMeWawQRyp-Q9c1J9YAJ4XvN_TWPmB8xjSwr7gp0xDR2Wysek_UteoxQuhdUPvPdhJUJjH_0mR6KaqyZ7nChUPYtcg9-e-BuLinS5xjtDp6Y9T5Nnxq1Au-JdeMBP633N_Gai11pPb_OmGy6H1FfeE8aodONS2-niUsSzLtVsdYLMcRkmNXgnF-MuN8WSf2ks4FOcA6bhVnVKRqj1fIjh5l3xCzsuCGcjkHA.ShOmLUZd9bB8VPrz_niYW1-fZ-ssDsyPmg0cDLj-TDs%26dib_tag%3Dse%26keywords%3DWheel%2Balarm%2Bclock%26qid%3D1727197348%26sr%3D8-3-spons%26sp_csd%3Dd2lkZ2V0TmFtZT1zcF9hdGY%26psc%3D1,https://m.media-amazon.com/images/I/61RTcaRk25L._AC_UL320_.jpg,23.01,1
Wheel alarm clock,"Alarm Clock on Wheels | Extra Loud for Heavy Sleeper (Adult or Kid Bed-Room Robot Clockie) Funny, Rolling, Run-Away, Moving, Jumping",https://www.amazon.ca/Sleeper-Bed-Room-Clockie-Rolling-Run-Away/dp/B0CCL38BXK/ref=sr_1_6?dib=eyJ2IjoiMSJ9.H06R3tx-13TVIg4rWcLKjk6abJ8Rufaen-tsW-xfyenNGt7ysqVs-iekVEnVrgPp4_x98eMfMeWawQRyp-Q9c1J9YAJ4XvN_TWPmB8xjSwr7gp0xDR2Wysek_UteoxQuhdUPvPdhJUJjH_0mR6KaqyZ7nChUPYtcg9-e-BuLinS5xjtDp6Y9T5Nnxq1Au-JdeMBP633N_Gai11pPb_OmGy6H1FfeE8aodONS2-niUsSzLtVsdYLMcRkmNXgnF-MuN8WSf2ks4FOcA6bhVnVKRqj1fIjh5l3xCzsuCGcjkHA.ShOmLUZd9bB8VPrz_niYW1-fZ-ssDsyPmg0cDLj-TDs&dib_tag=se&keywords=Wheel+alarm+clock&qid=1727197348&sr=8-6,https://m.media-amazon.com/images/I/51QlKiGQUFL._AC_UL320_.jpg,23.90,1
Wheel alarm clock,"Alarm Clock for Heavy Sleepers Adults, Alarm Clock on Wheels, Alarm Clock for Heavy Sleepers, Flying Clock, Run Away, Moving",https://www.amazon.ca/PUSOKEI-Sleepers-Wheels-Flying-Rugitive/dp/B0B2FB4PKH/ref=sr_1_8?dib=eyJ2IjoiMSJ9.H06R3tx-13TVIg4rWcLKjk6abJ8Rufaen-tsW-xfyenNGt7ysqVs-iekVEnVrgPp4_x98eMfMeWawQRyp-Q9c1J9YAJ4XvN_TWPmB8xjSwr7gp0xDR2Wysek_UteoxQuhdUPvPdhJUJjH_0mR6KaqyZ7nChUPYtcg9-e-BuLinS5xjtDp6Y9T5Nnxq1Au-JdeMBP633N_Gai11pPb_OmGy6H1FfeE8aodONS2-niUsSzLtVsdYLMcRkmNXgnF-MuN8WSf2ks4FOcA6bhVnVKRqj1fIjh5l3xCzsuCGcjkHA.ShOmLUZd9bB8VPrz_niYW1-fZ-ssDsyPmg0cDLj-TDs&dib_tag=se&keywords=Wheel+alarm+clock&qid=1727197348&sr=8-8,https://m.media-amazon.com/images/I/6143Q9sJ-oL._AC_UL320_.jpg,25.52,1
Wheel alarm clock,Flying Alarm Clock Alarm Clock Abs Alarm Clock On Wheels Electronic Clock Multipurpose Run Away Flying Alarm Clock for Bedroom School,https://www.amazon.ca/Flying-Wheels-Electronic-Multipurpose-Bedroom/dp/B0D3X16K4L/ref=sr_1_12?dib=eyJ2IjoiMSJ9.H06R3tx-13TVIg4rWcLKjk6abJ8Rufaen-tsW-xfyenNGt7ysqVs-iekVEnVrgPp4_x98eMfMeWawQRyp-Q9c1J9YAJ4XvN_TWPmB8xjSwr7gp0xDR2Wysek_UteoxQuhdUPvPdhJUJjH_0mR6KaqyZ7nChUPYtcg9-e-BuLinS5xjtDp6Y9T5Nnxq1Au-JdeMBP633N_Gai11pPb_OmGy6H1FfeE8aodONS2-niUsSzLtVsdYLMcRkmNXgnF-MuN8WSf2ks4FOcA6bhVnVKRqj1fIjh5l3xCzsuCGcjkHA.ShOmLUZd9bB8VPrz_niYW1-fZ-ssDsyPmg0cDLj-TDs&dib_tag=se&keywords=Wheel+alarm+clock&qid=1727197348&sr=8-12,https://m.media-amazon.com/images/I/61RTcaRk25L._AC_UL320_.jpg,23.01,1
Wheel alarm clock,"Flying Alarm Clock, Moving Alarm Clock, Novelty Digital LED Alarm Clock Gadget,Electronic Clock Multipurpose Run Away Flying Alarm Clock for Bedroom Office Home School",https://www.amazon.ca/Novelty-Digital-Electronic-Multipurpose-Bedroom/dp/B0CWRXD481/ref=sr_1_14?dib=eyJ2IjoiMSJ9.H06R3tx-13TVIg4rWcLKjk6abJ8Rufaen-tsW-xfyenNGt7ysqVs-iekVEnVrgPp4_x98eMfMeWawQRyp-Q9c1J9YAJ4XvN_TWPmB8xjSwr7gp0xDR2Wysek_UteoxQuhdUPvPdhJUJjH_0mR6KaqyZ7nChUPYtcg9-e-BuLinS5xjtDp6Y9T5Nnxq1Au-JdeMBP633N_Gai11pPb_OmGy6H1FfeE8aodONS2-niUsSzLtVsdYLMcRkmNXgnF-MuN8WSf2ks4FOcA6bhVnVKRqj1fIjh5l3xCzsuCGcjkHA.ShOmLUZd9bB8VPrz_niYW1-fZ-ssDsyPmg0cDLj-TDs&dib_tag=se&keywords=Wheel+alarm+clock&qid=1727197348&sr=8-14,https://m.media-amazon.com/images/I/6143Q9sJ-oL._AC_UL320_.jpg,34.91,1
Wheel alarm clock,chiwanji Folding Bike Easy Wheel Roller 33.9mm Seat Post Mounted Folded Bike Pushing Easywheel Alarm Clock Caster Accessories - Black,https://www.amazon.ca/chiwanji-Folding-Mounted-Easywheel-Accessories/dp/B098M2F7YR/ref=sr_1_30?dib=eyJ2IjoiMSJ9.H06R3tx-13TVIg4rWcLKjk6abJ8Rufaen-tsW-xfyenNGt7ysqVs-iekVEnVrgPp4_x98eMfMeWawQRyp-Q9c1J9YAJ4XvN_TWPmB8xjSwr7gp0xDR2Wysek_UteoxQuhdUPvPdhJUJjH_0mR6KaqyZ7nChUPYtcg9-e-BuLinS5xjtDp6Y9T5Nnxq1Au-JdeMBP633N_Gai11pPb_OmGy6H1FfeE8aodONS2-niUsSzLtVsdYLMcRkmNXgnF-MuN8WSf2ks4FOcA6bhVnVKRqj1fIjh5l3xCzsuCGcjkHA.ShOmLUZd9bB8VPrz_niYW1-fZ-ssDsyPmg0cDLj-TDs&dib_tag=se&keywords=Wheel+alarm+clock&qid=1727197348&sr=8-30,https://m.media-amazon.com/images/I/61nshwCgXKL._AC_UL320_.jpg,15.29,1
Wheel alarm clock,Cabilock Mechanical Clockwork Balance Wheel Alarm Clock Gear Replacement Gear For Clock Repair Wall Clock Motor Parts,https://www.amazon.ca/Cabilock-Mechanical-Clockwork-Balance-Replacement/dp/B0D5HM9LVN/ref=sr_1_31?dib=eyJ2IjoiMSJ9.H06R3tx-13TVIg4rWcLKjk6abJ8Rufaen-tsW-xfyenNGt7ysqVs-iekVEnVrgPp4_x98eMfMeWawQRyp-Q9c1J9YAJ4XvN_TWPmB8xjSwr7gp0xDR2Wysek_UteoxQuhdUPvPdhJUJjH_0mR6KaqyZ7nChUPYtcg9-e-BuLinS5xjtDp6Y9T5Nnxq1Au-JdeMBP633N_Gai11pPb_OmGy6H1FfeE8aodONS2-niUsSzLtVsdYLMcRkmNXgnF-MuN8WSf2ks4FOcA6bhVnVKRqj1fIjh5l3xCzsuCGcjkHA.ShOmLUZd9bB8VPrz_niYW1-fZ-ssDsyPmg0cDLj-TDs&dib_tag=se&keywords=Wheel+alarm+clock&qid=1727197348&sr=8-31,https://m.media-amazon.com/images/I/61K4nOnbw4L._AC_UL320_.jpg,10.69,1
Moving alarm clock,"Flying Alarm Clock, Moving Alarm Clock, Novelty Digital LED Alarm Clock Gadget,Electronic Clock Multipurpose Run Away Flying Alarm Clock for Bedroom Office Home School",https://www.amazon.ca/Novelty-Digital-Electronic-Multipurpose-Bedroom/dp/B0CWRXD481/ref=sr_1_6?dib=eyJ2IjoiMSJ9.-eFAFXdYY04LhecvdflR5PvjhQBZeybUSDiGHxmHS5VgZrSj2dYd81OQv_mDI61VvmWaJgujVj-3DNW79sPo_g7K5qWfa3BnUhBnV_LNQMf1Tgxl_9oQVSJYGk7b3KN8B0O2OiWoV-l3guEABBykObNRBdWaIY1vhIjrlHbjnllKGzMChRQ4y6me0TMrbm9P6mJhF6bH_eUAdPRX-dca4VKl5uOHhAVZfsmRNj5miDfy_hIaLzqI0cDr_vy1sAljl8ScNsme34jQqC9NZCPzTclfgbWe9CevjO-_58BbtQ8.Z3jRvia2b4FX8S_3VUgCjvbI58vXgPS2c8qB7ATLuJM&dib_tag=se&keywords=Moving+alarm+clock&qid=1727197395&sr=8-6,https://m.media-amazon.com/images/I/6143Q9sJ-oL._AC_UL320_.jpg,34.91,1
Moving alarm clock,"Alarm Clock on Wheels | Extra Loud for Heavy Sleeper (Adult or Kid Bed-Room Robot Clockie) Funny, Rolling, Run-Away, Moving, Jumping",https://www.amazon.ca/Sleeper-Bed-Room-Clockie-Rolling-Run-Away/dp/B0CCL38BXK/ref=sr_1_8?dib=eyJ2IjoiMSJ9.-eFAFXdYY04LhecvdflR5PvjhQBZeybUSDiGHxmHS5VgZrSj2dYd81OQv_mDI61VvmWaJgujVj-3DNW79sPo_g7K5qWfa3BnUhBnV_LNQMf1Tgxl_9oQVSJYGk7b3KN8B0O2OiWoV-l3guEABBykObNRBdWaIY1vhIjrlHbjnllKGzMChRQ4y6me0TMrbm9P6mJhF6bH_eUAdPRX-dca4VKl5uOHhAVZfsmRNj5miDfy_hIaLzqI0cDr_vy1sAljl8ScNsme34jQqC9NZCPzTclfgbWe9CevjO-_58BbtQ8.Z3jRvia2b4FX8S_3VUgCjvbI58vXgPS2c8qB7ATLuJM&dib_tag=se&keywords=Moving+alarm+clock&qid=1727197395&sr=8-8,https://m.media-amazon.com/images/I/51QlKiGQUFL._AC_UL320_.jpg,23.90,1
Moving alarm clock,"Alarm Clock for Heavy Sleepers Adults, Alarm Clock on Wheels, Alarm Clock for Heavy Sleepers, Flying Clock, Run Away, Moving",https://www.amazon.ca/PUSOKEI-Sleepers-Wheels-Flying-Rugitive/dp/B0B2FB4PKH/ref=sr_1_9?dib=eyJ2IjoiMSJ9.-eFAFXdYY04LhecvdflR5PvjhQBZeybUSDiGHxmHS5VgZrSj2dYd81OQv_mDI61VvmWaJgujVj-3DNW79sPo_g7K5qWfa3BnUhBnV_LNQMf1Tgxl_9oQVSJYGk7b3KN8B0O2OiWoV-l3guEABBykObNRBdWaIY1vhIjrlHbjnllKGzMChRQ4y6me0TMrbm9P6mJhF6bH_eUAdPRX-dca4VKl5uOHhAVZfsmRNj5miDfy_hIaLzqI0cDr_vy1sAljl8ScNsme34jQqC9NZCPzTclfgbWe9CevjO-_58BbtQ8.Z3jRvia2b4FX8S_3VUgCjvbI58vXgPS2c8qB7ATLuJM&dib_tag=se&keywords=Moving+alarm+clock&qid=1727197395&sr=8-9,https://m.media-amazon.com/images/I/6143Q9sJ-oL._AC_UL320_.jpg,25.52,1
Running Alarm,Qtqgoitem Man Plastic Band Multifunctional Sport Running Alarm Watch (Model: 0db bb5 08a 05f 35e),https://www.amazon.ca/Qtqgoitem-Plastic-Multifunctional-Sport-Running/dp/B0BHTW857T/ref=sr_1_313?dib=eyJ2IjoiMSJ9.1Td4r87xf1QGIoOJIDr-srrvvSxLNd6VMq8aELPyqQQ6L-64De4KmvFltebC2fygyyh_TnpHoHT4rN7XoANVA6qb29g56otFM165UvqQv2xKlbzRAD0tehSLXzx8sXs1-IUkS_bIiE7OvNpw_o-spyJ3oqumNVP-z48a9d1zHNjJBnEPKfp1sKcQfYwKKSAvm0YmnIGVC3v5pFbO1QO9rKaYmdIhtMe3q6iUA2UAuporCMEPqByzGYMeKEBIrR2b4yYQi735bxjoPkgxwXCctg.nUyCAURP3m5s7UMEfdf38oolwUQf9n9uTgUi9bt2rU0&dib_tag=se&keywords=Running+Alarm&qid=1727197510&sr=8-313,https://m.media-amazon.com/images/I/61qj54dAIML._AC_UL320_.jpg,13.69,7
Run Alarm Clock,"Flying Alarm Clock, Moving Alarm Clock, Novelty Digital LED Alarm Clock Gadget,Electronic Clock Multipurpose Run Away Flying Alarm Clock for Bedroom Office Home School",https://www.amazon.ca/Novelty-Digital-Electronic-Multipurpose-Bedroom/dp/B0CWRXD481/ref=sr_1_6?dib=eyJ2IjoiMSJ9.xBPLqQxnjume0HuM-R7bLBUAS5-NOsCoX90XYG-PllDDGcrBrcCFYSNtgNzniRv_3m8tzqLT2E2p32mo__d_Mf1hkrrLwT3fiBJ58C0qsG-BolT_v9GeKPrYNYvXHZaNakeWCs17hqIBoAaTrpkK8I0iUv9cxRobcMRYaTMFG8BGxMc9zvBwo_Qj4IF5xiJHQt2QmiUkD39Yg0IVoizSAf_AT9MwDxaUeLgu7dGGl79YnGR1410qvY_r0NM2dVy0CRy8rJ-u04BirSw9iXaY0h4IY_zO8bp72b417kOzZX8.7RcdO1lVQ3PdT-9SiLVGr8-QMQ8PhCmCwUolyDMWxI8&dib_tag=se&keywords=Run+Alarm+Clock&qid=1727197559&sr=8-6,https://m.media-amazon.com/images/I/6143Q9sJ-oL._AC_UL320_.jpg,34.91,1
Run Alarm Clock,"Alarm Clock on Wheels | Extra Loud for Heavy Sleeper (Adult or Kid Bed-Room Robot Clockie) Funny, Rolling, Run-Away, Moving, Jumping",https://www.amazon.ca/Sleeper-Bed-Room-Clockie-Rolling-Run-Away/dp/B0CCL38BXK/ref=sr_1_7?dib=eyJ2IjoiMSJ9.xBPLqQxnjume0HuM-R7bLBUAS5-NOsCoX90XYG-PllDDGcrBrcCFYSNtgNzniRv_3m8tzqLT2E2p32mo__d_Mf1hkrrLwT3fiBJ58C0qsG-BolT_v9GeKPrYNYvXHZaNakeWCs17hqIBoAaTrpkK8I0iUv9cxRobcMRYaTMFG8BGxMc9zvBwo_Qj4IF5xiJHQt2QmiUkD39Yg0IVoizSAf_AT9MwDxaUeLgu7dGGl79YnGR1410qvY_r0NM2dVy0CRy8rJ-u04BirSw9iXaY0h4IY_zO8bp72b417kOzZX8.7RcdO1lVQ3PdT-9SiLVGr8-QMQ8PhCmCwUolyDMWxI8&dib_tag=se&keywords=Run+Alarm+Clock&qid=1727197559&sr=8-7,https://m.media-amazon.com/images/I/51QlKiGQUFL._AC_UL320_.jpg,23.90,1
Run Alarm Clock,"Alarm Clock for Heavy Sleepers Adults, Alarm Clock on Wheels, Alarm Clock for Heavy Sleepers, Flying Clock, Run Away, Moving",https://www.amazon.ca/PUSOKEI-Sleepers-Wheels-Flying-Rugitive/dp/B0B2FB4PKH/ref=sr_1_12?dib=eyJ2IjoiMSJ9.xBPLqQxnjume0HuM-R7bLBUAS5-NOsCoX90XYG-PllDDGcrBrcCFYSNtgNzniRv_3m8tzqLT2E2p32mo__d_Mf1hkrrLwT3fiBJ58C0qsG-BolT_v9GeKPrYNYvXHZaNakeWCs17hqIBoAaTrpkK8I0iUv9cxRobcMRYaTMFG8BGxMc9zvBwo_Qj4IF5xiJHQt2QmiUkD39Yg0IVoizSAf_AT9MwDxaUeLgu7dGGl79YnGR1410qvY_r0NM2dVy0CRy8rJ-u04BirSw9iXaY0h4IY_zO8bp72b417kOzZX8.7RcdO1lVQ3PdT-9SiLVGr8-QMQ8PhCmCwUolyDMWxI8&dib_tag=se&keywords=Run+Alarm+Clock&qid=1727197559&sr=8-12,https://m.media-amazon.com/images/I/6143Q9sJ-oL._AC_UL320_.jpg,25.52,1
Run Alarm Clock,"Flying Alarm Clock, Moving Alarm Clock, Novelty Digital LED Alarm Clock Gadget,Electronic Clock Multipurpose Run Away Flying Alarm Clock for Bedroom Office Home School",https://www.amazon.ca/sspa/click?ie=UTF8&spc=MToxNjkzMTU0MTE4NDI3MTcwOjE3MjcxOTc1NjY6c3BfYnRmOjMwMDE3MzE5NjQxMzMwMjo6MDo6&url=%2FNovelty-Digital-Electronic-Multipurpose-Bedroom%2Fdp%2FB0CWRXD481%2Fref%3Dsr_1_108_sspa%3Fdib%3DeyJ2IjoiMSJ9.OEARjmTdEc6D5MlY7Mx3ORq0pWjWOOIXs1TCn5DaeU4z4v3Pz6AH0cDIWZ3KrYBbN13hv53S_Hn9gZk69Dq0PlIk6R-Pw8KxdkNGq7zkj9nHSu7k6-dkPbePWBF3Qwia34rUSAkf0bBRswFscMxg5q_L51XYlpV5EkeGEYWAbURZKUcknqgl-KGAou7fjKeLSrJxp5xb3d1lJW9TU7LmT8TLbPCAg4-cIc-PS5T1jWqeDSJLNtwYlcQR_aj6P6PBxg01RF_xAIsni3aK-MeQ-y1XhhTyAeUCTyBCHNeBDxI.N8siVnDS8o1c9q5iCUNpXauAhzywlysrahvOvXcoRTA%26dib_tag%3Dse%26keywords%3DRun%2BAlarm%2BClock%26qid%3D1727197566%26sr%3D8-108-spons%26sp_csd%3Dd2lkZ2V0TmFtZT1zcF9idGY%26psc%3D1,https://m.media-amazon.com/images/I/6143Q9sJ-oL._AC_UL320_.jpg,34.91,2
Run Alarm Clock,Flying Alarm Clock Alarm Clock Abs Alarm Clock On Wheels Electronic Clock Multipurpose Run Away Flying Alarm Clock for Bedroom School,https://www.amazon.ca/Flying-Wheels-Electronic-Multipurpose-Bedroom/dp/B0D3X16K4L/ref=sr_1_106?dib=eyJ2IjoiMSJ9.i23sneWTRXw2yMmdGWe7uPQDEEzpDZlmUSa6Dwyboir2xPvqqzj7_K3kJcJrRL5vRC0otX5v5G2-RKhVrXDe1xl0es0i4x_aMEf4hiIPlNZbhh6fUErgkP5KPxIVDlSKU7wqlcSq2RarivZ_KIYAS40xbQwfCiOgHWh4OM-LKOK_jiB8BGRZhiVpieL1YDZ7o3CuR0ZTP0J7AKooZRgUzQvDaOgy5Xx3e7rvNdmhGnMFBnmn_7NW6isAy8UGF3a_i3XNshBx-N968FsVQlK1JNCjNdbP7AvAmUOSXfeEM6M.4aLMPW3EnRx-_NnYHhPMxqRqTb4y2B1Q9iEAZyjtNls&dib_tag=se&keywords=Run+Alarm+Clock&qid=1727197572&sr=8-106,https://m.media-amazon.com/images/I/61RTcaRk25L._AC_UL320_.jpg,23.01,3
Run Alarm Clock,"Flying Alarm Clock, Moving Alarm Clock, Novelty Digital LED Alarm Clock Gadget,Electronic Clock Multipurpose Run Away Flying Alarm Clock for Bedroom Office Home School",https://www.amazon.ca/sspa/click?ie=UTF8&spc=MTo1NTA4NzU3NzIxNDM3MTc6MTcyNzE5NzU3MjpzcF9idGY6MzAwMTczMTk2NDEzMzAyOjowOjo&url=%2FNovelty-Digital-Electronic-Multipurpose-Bedroom%2Fdp%2FB0CWRXD481%2Fref%3Dsr_1_156_sspa%3Fdib%3DeyJ2IjoiMSJ9.i23sneWTRXw2yMmdGWe7uPQDEEzpDZlmUSa6Dwyboir2xPvqqzj7_K3kJcJrRL5vRC0otX5v5G2-RKhVrXDe1xl0es0i4x_aMEf4hiIPlNZbhh6fUErgkP5KPxIVDlSKU7wqlcSq2RarivZ_KIYAS40xbQwfCiOgHWh4OM-LKOK_jiB8BGRZhiVpieL1YDZ7o3CuR0ZTP0J7AKooZRgUzQvDaOgy5Xx3e7rvNdmhGnMFBnmn_7NW6isAy8UGF3a_i3XNshBx-N968FsVQlK1JNCjNdbP7AvAmUOSXfeEM6M.4aLMPW3EnRx-_NnYHhPMxqRqTb4y2B1Q9iEAZyjtNls%26dib_tag%3Dse%26keywords%3DRun%2BAlarm%2BClock%26qid%3D1727197572%26sr%3D8-156-spons%26sp_csd%3Dd2lkZ2V0TmFtZT1zcF9idGY%26psc%3D1,https://m.media-amazon.com/images/I/6143Q9sJ-oL._AC_UL320_.jpg,34.91,3
Run Alarm Clock,"Flying Alarm Clock, Moving Alarm Clock, Novelty Digital LED Alarm Clock Gadget,Electronic Clock Multipurpose Run Away Flying Alarm Clock for Bedroom Office Home School",https://www.amazon.ca/sspa/click?ie=UTF8&spc=MTo1MTM3MTI4MjM5Mzg1MjQxOjE3MjcxOTc1ODQ6c3BfYnRmOjMwMDE3MzE5NjQxMzMwMjo6MDo6&url=%2FNovelty-Digital-Electronic-Multipurpose-Bedroom%2Fdp%2FB0CWRXD481%2Fref%3Dsr_1_251_sspa%3Fdib%3DeyJ2IjoiMSJ9.KvHzbUaDqmJDWjTG_3CY9f7fp4V75qRzte5_yPACoBgWvs6g0H4uCHhcHoRKNtfzZZA8OWhmnP1oIbgv8kuKN3tKlmIiyXLUIvHWoZW0Pq_3wZ6fT35mx9WdRR6tPqezmjRkwOmq0MiTpmMU6ApOVX5KdzB5hZopYkKCGIJg2I8JyGuZUXEUfRDjjlXSUKImXforbnNaEKuvp_mWLDIDmUmUztUM18UfkmH3-LIqJIxfn5xkOf_LGk_ks2kgD1cAFL-SFy27brXA0VxBql_7C34wavkBIqvI0ibe6ZeLjGc.n_8-xGomV8gL2LtzBsI1E6Rshudp0KhWnLqnz0Qt-5g%26dib_tag%3Dse%26keywords%3DRun%2BAlarm%2BClock%26qid%3D1727197584%26sr%3D8-251-spons%26sp_csd%3Dd2lkZ2V0TmFtZT1zcF9idGY%26psc%3D1,https://m.media-amazon.com/images/I/6143Q9sJ-oL._AC_UL320_.jpg,34.91,5
